;efficiency;marginal_cost;p_nom;carrier;p_max_pu
3371 biomass;0.4699999999999996;14.893617021276583;20.5691;biomass;1.0
3371 onwind;1.0;2.0;206.57330878461036;onshore wind;0.08529680316279699
3371 ror;0.9;3.0;44.06;run of river;0.6608531105671127
3371 solar;1.0;1.0;324.9671911553155;solar;0.15953360582966522
3372 CCGT;0.5867942430703624;38.45391478762312;1822.0;CCGT;1.0
3372 biomass;0.4699999999999999;14.893617021276606;25.054;biomass;1.0
3372 onwind;1.0;2.0;36.48015144695077;onshore wind;0.08275254922535571
3372 ror;0.9;3.0;43.1;run of river;0.6608531105671128
3372 solar;1.0;1.0;241.1297495137584;solar;0.12599079778376956
3373 OCGT;0.3806;57.31135049921178;25.4;OCGT;1.0
3373 biomass;0.47;14.893617021276597;19.551499999999997;biomass;1.0
3373 onwind;1.0;2.0;43.33307601426595;onshore wind;0.07033718449583662
3373 ror;0.9;3.0;0.198;run of river;0.6608531105671128
3373 solar;1.0;1.0;278.14049742840496;solar;0.08307239042970276
3374 biomass;0.47;14.893617021276599;36.5694;biomass;1.0
3374 coal;0.33;28.196969696969695;436.99811741094464;coal;1.0
3374 onwind;1.0;2.0;31.978020635482906;onshore wind;0.08700775623125966
3374 ror;0.9;3.0;25.0;run of river;0.6608531105671129
3374 solar;1.0;1.0;283.33390691711406;solar;0.11682174690695656
3375 biomass;0.4699999999999997;14.8936170212766;66.7757;biomass;1.0
3375 onwind;1.0;2.0;88.64334448866101;onshore wind;0.10782401933712683
3375 ror;0.9;3.0;0.535;run of river;0.6608531105671128
3375 solar;1.0;1.0;349.8432833576598;solar;0.08079319821694537
3378 biomass;0.47;14.893617021276606;13.576999999999998;biomass;1.0
3378 onwind;1.0;2.0;8.408172182679447;onshore wind;0.09626834130017613
3378 ror;0.9;3.0;0.055;run of river;0.6608531105671128
3378 solar;1.0;1.0;55.81101919246759;solar;0.11388179135114204
3379 CCGT;0.5123580303727566;43.43037955582861;651.9;CCGT;1.0
3379 OCGT;0.4058999999999999;54.01958610495197;27.1;OCGT;1.0
3379 biomass;0.46999999999999975;14.893617021276611;77.57880000000003;biomass;1.0
3379 coal;0.33;28.196969696969695;336.50698914555863;coal;1.0
3379 onwind;1.0;2.0;32.959526712761686;onshore wind;0.08759040232318906
3379 ror;0.9000000000000001;3.0;89.369;run of river;0.6608531105671127
3379 solar;1.0;1.0;359.39573219766584;solar;0.0925614583930422
3380 OCGT;0.4059;54.01958610495196;17.6;OCGT;1.0
3380 biomass;0.4699999999999996;14.893617021276583;26.687;biomass;1.0
3380 onwind;1.0;2.0;32.536410849102566;onshore wind;0.07844697114145337
3380 ror;0.9;3.0;0.14;run of river;0.6608531105671129
3380 solar;1.0;1.0;365.12712285940535;solar;0.12356008534057608
3381 OCGT;0.4047067796610169;54.16558755659047;29.5;OCGT;1.0
3381 biomass;0.4699999999999996;14.893617021276583;27.748499999999996;biomass;1.0
3381 nuclear;0.33;11.378787878787879;1410.0;nuclear;1.0
3381 onwind;1.0;2.0;34.61945269253891;onshore wind;0.06202004324017177
3381 ror;0.9000000000000001;3.0;46.44780000000001;run of river;0.6608531105671127
3381 solar;1.0;1.0;396.84499899681555;solar;0.18719395858620227
3391 OCGT;0.40995445445445444;53.860093960056524;62.410000000000004;OCGT;1.0
3391 biomass;0.46999999999999914;14.893617021276558;69.0236;biomass;1.0
3391 oil;0.3332;156.06002400960384;93.6;oil;1.0
3391 onwind;1.0;2.0;52.731071726833;onshore wind;0.0391694264000651
3391 ror;0.8999999999999999;3.0;233.8052;run of river;0.6608531105671128
3391 solar;1.0;1.0;387.6005398508802;solar;0.108139176469405
3394 CCGT;0.585;38.55897435897437;120.0;CCGT;1.0
3394 biomass;0.46999999999999914;14.893617021276572;90.005;biomass;1.0
3394 onwind;1.0;2.0;78.52039476481305;onshore wind;0.04333742139680147
3394 ror;0.9000000000000001;3.0;48.251799999999996;run of river;0.6608531105671129
3394 solar;1.0;1.0;943.5866942986955;solar;0.28996703448383043
3396 biomass;0.4699999999999992;14.893617021276587;55.3373;biomass;1.0
3396 onwind;1.0;2.0;72.16196803236072;onshore wind;0.0686936449504144
3396 ror;0.8999999999999994;3.0;218.33710000000005;run of river;0.6608531105671127
3396 solar;1.0;1.0;880.9732401291715;solar;0.3533474285108409
3397 CCGT;0.5445;41.11460055096419;120.0;CCGT;1.0
3397 biomass;0.46999999999999925;14.893617021276622;49.82000000000001;biomass;1.0
3397 onwind;1.0;2.0;32.27362578420297;onshore wind;0.09033680963093975
3397 ror;0.9000000000000001;3.0;225.53799999999998;run of river;0.6608531105671128
3397 solar;1.0;1.0;399.81784655923224;solar;0.11937594771817994
3566 CCGT;0.531;42.05310734463277;38.6;CCGT;1.0
3566 biomass;0.4699999999999997;14.893617021276587;20.6406;biomass;1.0
3566 onwind;1.0;2.0;42.55843270048138;onshore wind;0.5122147244312627
3566 ror;0.9000000000000001;3.0;1.7828;run of river;0.6608531105671129
3566 solar;1.0;1.0;325.2268036179498;solar;0.31001721128576026
3571 biomass;0.47000000000000014;14.893617021276604;26.519000000000002;biomass;1.0
3571 onwind;1.0;2.0;72.16764959435886;onshore wind;0.4135937618064826
3571 ror;0.9;3.0;0.44899999999999995;run of river;0.6608531105671129
3571 solar;1.0;1.0;184.34588712208267;solar;0.13882945343058664
3572 biomass;0.47000000000000003;14.893617021276606;11.971899999999998;biomass;1.0
3572 onwind;1.0;2.0;11.567833871263465;onshore wind;0.3827808888228051
3572 ror;0.9;3.0;0.136;run of river;0.6608531105671127
3572 solar;1.0;1.0;102.05704276467551;solar;0.11445414033652189
3573 biomass;0.4700000000000002;14.893617021276608;6.725700000000001;biomass;1.0
3573 onwind;1.0;2.0;22.499318366394192;onshore wind;0.34001754079526686
3573 ror;0.9;3.0;169.00000000000003;run of river;0.6608531105671127
3573 solar;1.0;1.0;138.10599064856342;solar;0.12597521274890888
3598 OCGT;0.4037;54.2894476096111;30.0;OCGT;1.0
3598 biomass;0.46999999999999986;14.8936170212766;3.1028000000000002;biomass;1.0
3598 onwind;1.0;2.0;35.54934738756495;onshore wind;0.49917529360741764
3598 ror;0.9000000000000001;3.0;356.543;run of river;0.4510679230987374
3598 solar;1.0;1.0;118.464046061473;solar;0.1016331386890224
3600 biomass;0.46999999999999975;14.893617021276595;56.48609999999999;biomass;1.0
3600 onwind;1.0;2.0;67.23444044343731;onshore wind;0.5921791964893119
3600 ror;0.9000000000000001;3.0;1.276;run of river;0.6608531105671127
3600 solar;1.0;1.0;308.7832048638253;solar;0.061483086322544414
3602 biomass;0.4700000000000002;14.893617021276608;12.261;biomass;1.0
3602 onwind;1.0;2.0;6.3528685813177646;onshore wind;0.6276016352083632
3602 ror;0.9;3.0;123.47;run of river;0.6608531105671128
3602 solar;1.0;1.0;77.3079960662678;solar;0.0562198170015039
3741 biomass;0.46999999999999953;14.89361702127659;27.668599999999998;biomass;1.0
3741 onwind;1.0;2.0;57.94042072133998;onshore wind;0.2948466034683582
3741 ror;0.9;3.0;0.335;run of river;0.6608531105671128
3741 solar;1.0;1.0;229.49102754799827;solar;0.14305747072347993
3743 OCGT;0.3993;54.838091660405716;95.0;OCGT;1.0
3743 biomass;0.46999999999999986;14.893617021276594;21.2175;biomass;1.0
3743 onwind;1.0;2.0;6.882526063148976;onshore wind;0.20550069762738
3743 ror;0.9;3.0;0.8440300000000001;run of river;0.6608531105671127
3743 solar;1.0;1.0;169.98176802816457;solar;0.15042399594988273
3745 OCGT;0.3577816;60.6795240448363;35.1375;OCGT;1.0
3745 biomass;0.4700000000000002;14.893617021276608;15.9546;biomass;1.0
3745 onwind;1.0;2.0;5.40001412040564;onshore wind;0.18964423829271163
3745 ror;0.9;3.0;0.42;run of river;0.6608531105671128
3745 solar;1.0;1.0;96.87711287911449;solar;0.1576018151879281
3747 biomass;0.47000000000000014;14.893617021276604;14.578999999999997;biomass;1.0
3747 onwind;1.0;2.0;13.576931638494079;onshore wind;0.3787103216917214
3747 ror;0.9;3.0;0.04;run of river;0.6608531105671129
3747 solar;1.0;1.0;211.5606603210633;solar;0.11679079062176133
3748 OCGT;0.4048;54.15415019762846;29.151;OCGT;1.0
3748 biomass;0.46999999999999986;14.893617021276604;5.2209;biomass;1.0
3748 coal;0.33;28.196969696969695;88.50594783006474;coal;1.0
3748 onwind;1.0;2.0;0.23184436772002104;onshore wind;0.17726941961622647
3748 ror;0.9;3.0;0.16;run of river;0.6608531105671129
3748 solar;1.0;1.0;60.550422783910115;solar;0.12923685091673948
3749 OCGT;0.3264687747035573;66.0679095749704;253.0;OCGT;1.0
3749 biomass;0.4699999999999999;14.893617021276597;2.227;biomass;1.0
3749 coal;0.33;28.196969696969695;788.256097861514;coal;1.0
3749 onwind;1.0;2.0;9.200695883575166;onshore wind;0.16651915983199
3749 solar;1.0;1.0;58.885675171642276;solar;0.1232215891258988
3750 biomass;0.4699999999999998;14.893617021276604;3.5275000000000003;biomass;1.0
3750 onwind;1.0;2.0;0.6147171461792835;onshore wind;0.1704924129972271
3750 ror;0.9;3.0;0.6;run of river;0.6608531105671128
3750 solar;1.0;1.0;52.09747387185055;solar;0.09762634337073921
3751 biomass;0.47;14.893617021276597;1.38;biomass;1.0
3751 onwind;1.0;2.0;0.6227239762573513;onshore wind;0.17742511446638698
3751 ror;0.9;3.0;11.149999999999999;run of river;0.660853110567113
3751 solar;1.0;1.0;52.43033727057209;solar;0.1016618643082993
3752 OCGT;0.4212;52.575911845041716;23.240000000000002;OCGT;1.0
3752 biomass;0.46999999999999975;14.893617021276588;25.981699999999996;biomass;1.0
3752 onwind;1.0;2.0;12.92096836335664;onshore wind;0.2865315171793231
3752 ror;0.9000000000000001;3.0;2.0669999999999997;run of river;0.6608531105671129
3752 solar;1.0;1.0;171.8609480479505;solar;0.10563499468429192
3754 biomass;0.46999999999999925;14.893617021276619;57.743300000000005;biomass;1.0
3754 onwind;1.0;2.0;57.37840813559801;onshore wind;0.4845586491706745
3754 ror;0.9;3.0;1.012;run of river;0.6608531105671127
3754 solar;1.0;1.0;292.423608245213;solar;0.10855457451590554
3755 biomass;0.4699999999999997;14.893617021276587;31.799;biomass;1.0
3755 onwind;1.0;2.0;37.75599256307898;onshore wind;0.28919198605654417
3755 ror;0.9;3.0;0.8;run of river;0.6608531105671128
3755 solar;1.0;1.0;168.8601450009489;solar;0.06924351909013374
3778 biomass;0.4699999999999995;14.893617021276595;25.587500000000002;biomass;1.0
3778 onwind;1.0;2.0;14.116580811393042;onshore wind;0.3476622753362673
3778 ror;0.9;3.0;1.035;run of river;0.6608531105671128
3778 solar;1.0;1.0;207.01632971062153;solar;0.08719115357261581
3779 biomass;0.46999999999999964;14.893617021276585;14.980599999999997;biomass;1.0
3779 onwind;1.0;2.0;15.875766160126656;onshore wind;0.20015080912722039
3779 ror;0.9000000000000001;3.0;2.249;run of river;0.6608531105671128
3779 solar;1.0;1.0;165.37165599687478;solar;0.06778354517321475
3792 biomass;0.4699999999999992;14.893617021276581;86.7215;biomass;1.0
3792 onwind;1.0;2.0;463.11403736199486;onshore wind;0.1331454417642019
3792 ror;0.9;3.0;0.49350000000000005;run of river;0.6608531105671127
3792 solar;1.0;1.0;572.6544438506422;solar;0.14436507754052094
3793 biomass;0.4699999999999996;14.893617021276583;22.963299999999993;biomass;1.0
3793 onwind;1.0;2.0;19.865593434024348;onshore wind;0.1990936951513033
3793 ror;0.9;3.0;3.4660000000000006;run of river;0.6608531105671128
3793 solar;1.0;1.0;201.68902124248945;solar;0.08594276573435965
3794 OCGT;0.4004;54.69980019980021;18.9;OCGT;1.0
3794 biomass;0.47000000000000014;14.893617021276608;25.202;biomass;1.0
3794 onwind;1.0;2.0;80.14281998144571;onshore wind;0.14277063698377665
3794 ror;0.9;3.0;0.452;run of river;0.6608531105671128
3794 solar;1.0;1.0;140.56701184750108;solar;0.13262890129788277
3796 biomass;0.4699999999999993;14.893617021276617;75.8555;biomass;1.0
3796 coal;0.33;28.196969696969695;124.46148913602852;coal;1.0
3796 onwind;1.0;2.0;36.32354527091783;onshore wind;0.3524175614063663
3796 ror;0.9;3.0;1.2125;run of river;0.6608531105671128
3796 solar;1.0;1.0;298.1193883234162;solar;0.08907872191316704
3798 biomass;0.46999999999999925;14.893617021276615;46.894600000000004;biomass;1.0
3798 onwind;1.0;2.0;34.682395917375764;onshore wind;0.32383487767694774
3798 ror;0.9;3.0;116.30999999999999;run of river;0.6608531105671129
3798 solar;1.0;1.0;440.39186382283447;solar;0.07004128130499848
3799 biomass;0.46999999999999953;14.893617021276587;108.2647;biomass;1.0
3799 onwind;1.0;2.0;86.0771131436891;onshore wind;0.1041828937574445
3799 ror;0.9;3.0;62.888;run of river;0.6608531105671128
3799 solar;1.0;1.0;500.6725150363598;solar;0.14961114864888375
3803 biomass;0.46999999999999925;14.89361702127662;45.93936;biomass;1.0
3803 onwind;1.0;2.0;51.297661351249104;onshore wind;0.17475063505427935
3803 ror;0.9000000000000001;3.0;75.437;run of river;0.6608531105671129
3803 solar;1.0;1.0;567.9239275128318;solar;0.07771709948397103
3804 OCGT;0.3702285714285714;58.79078561506406;140.0;OCGT;1.0
3804 biomass;0.4699999999999993;14.893617021276615;42.9283;biomass;1.0
3804 onwind;1.0;2.0;69.59419569854005;onshore wind;0.09838164699325523
3804 ror;0.9000000000000001;3.0;41.800000000000004;run of river;0.6608531105671128
3804 solar;1.0;1.0;443.1751512771432;solar;0.11292456244925599
3806 biomass;0.4699999999999991;14.893617021276551;73.7587;biomass;1.0
3806 oil;0.3603;144.91476378244198;35.4;oil;1.0
3806 onwind;1.0;2.0;146.54221235170314;onshore wind;0.18278275647833436
3806 ror;0.8999999999999999;3.0;54.224;run of river;0.6608531105671128
3806 solar;1.0;1.0;693.3752767501043;solar;0.10218986537125209
4548 OCGT;0.3795;57.46487186694204;50.4;OCGT;1.0
4548 biomass;0.47000000000000014;14.893617021276606;41.05806;biomass;1.0
4548 onwind;1.0;2.0;635.9480345279449;onshore wind;0.0
4548 solar;1.0;1.0;395.45791614939554;solar;0.0777727755525526
4553 biomass;0.4699999999999999;14.893617021276597;44.81700000000001;biomass;1.0
4553 onwind;1.0;2.0;501.1321364436406;onshore wind;0.0
4553 solar;1.0;1.0;326.99864938554583;solar;0.18864739412200285
4554 CCGT;0.4674064769832534;47.73685473617005;327.79999999999995;CCGT;1.0
4554 biomass;0.47000000000000014;14.893617021276604;33.7021;biomass;1.0
4554 lignite;0.37;11.361736598266871;948.697079209118;lignite;1.0
4554 oil;0.3722;140.395401236351;212.5;oil;1.0
4554 onwind;1.0;2.0;557.6053847135927;onshore wind;0.0
4554 ror;0.9;3.0;8.333;run of river;0.6608531105671127
4554 solar;1.0;1.0;365.6085889323382;solar;0.09264860109893124
4557 CCGT;0.5556695692025665;40.372576498736876;109.1;CCGT;1.0
4557 biomass;0.47;14.893617021276597;28.4643;biomass;1.0
4557 onwind;1.0;2.0;211.41296992481273;onshore wind;0.01502591697150077
4557 solar;1.0;1.0;260.7105386002245;solar;0.11623338493216526
4559 CCGT;0.585;38.55897435897437;334.0;CCGT;1.0
4559 biomass;0.47000000000000014;14.893617021276604;26.1;biomass;1.0
4559 lignite;0.3922;10.89628116715291;1756.6764651973165;lignite;1.0
4559 onwind;1.0;2.0;199.55887234364678;onshore wind;0.0
4559 ror;0.9;3.0;0.39999999999999997;run of river;0.6608531105671129
4559 solar;1.0;1.0;287.6264761447177;solar;0.10389073335679096
4562 OCGT;0.39563333333333334;55.36051925004898;62.7;OCGT;1.0
4562 biomass;0.4699999999999999;14.893617021276597;47.3099;biomass;1.0
4562 lignite;0.3831999999999999;11.067849686847602;23.3;lignite;1.0
4562 onwind;1.0;2.0;159.2121906251127;onshore wind;0.0068799009683033025
4562 ror;0.9;3.0;2.80204;run of river;0.6608531105671127
4562 solar;1.0;1.0;344.55487316115523;solar;0.13544624301210614
4565 OCGT;0.3472626702997275;62.38125738551568;183.5;OCGT;1.0
4565 biomass;0.4700000000000002;14.893617021276608;51.684000000000005;biomass;1.0
4565 onwind;1.0;2.0;294.79966339079033;onshore wind;0.0
4565 solar;1.0;1.0;153.84827740628054;solar;0.03447112558062671
4566 biomass;0.46999999999999964;14.893617021276585;69.05999999999999;biomass;1.0
4566 onwind;1.0;2.0;670.8911785815752;onshore wind;0.0
4566 solar;1.0;1.0;406.0705411362425;solar;0.04284826652543034
4567 CCGT;0.4037;53.989447609611105;164.0;CCGT;1.0
4567 biomass;0.46999999999999986;14.893617021276604;46.8322;biomass;1.0
4567 onwind;1.0;2.0;9.204207572866938;onshore wind;0.0
4567 solar;1.0;1.0;53.70603571387947;solar;0.030972124369634195
4568 biomass;0.47000000000000014;14.893617021276608;22.4754;biomass;1.0
4568 onwind;1.0;2.0;927.8009109680954;onshore wind;0.0
4568 ror;0.9;3.0;0.215;run of river;0.6608531105671128
4568 solar;1.0;1.0;528.2172537852024;solar;0.03865114906169363
4571 OCGT;0.3773;57.773257354890006;46.6;OCGT;1.0
4571 biomass;0.47;14.893617021276604;33.188;biomass;1.0
4571 oil;0.3795;137.75230566534916;17.0;oil;1.0
4571 onwind;1.0;2.0;174.51798497523748;onshore wind;0.0
4571 ror;0.9000000000000001;3.0;11.781999999999998;run of river;0.6608531105671129
4571 solar;1.0;1.0;363.5406473798309;solar;0.09389459601266081
4573 OCGT;0.3696;58.88311688311689;57.2;OCGT;1.0
4573 biomass;0.47;14.8936170212766;48.1015;biomass;1.0
4573 lignite;0.3741528455284553;11.250843097034384;153.9973594162477;lignite;1.0
4573 onwind;1.0;2.0;254.82395997167833;onshore wind;0.0
4573 ror;0.9000000000000001;3.0;44.113400000000006;run of river;0.6608531105671128
4573 solar;1.0;1.0;414.18810798083433;solar;0.1039659287091079
4577 OCGT;0.38225;57.08349669807487;53.019999999999996;OCGT;1.0
4577 biomass;0.47;14.893617021276597;52.111;biomass;1.0
4577 onwind;1.0;2.0;487.2805731833234;onshore wind;0.0
4577 ror;0.9;3.0;0.138;run of river;0.6608531105671128
4577 solar;1.0;1.0;460.02441369298305;solar;0.055829460023265165
4584 biomass;0.4699999999999999;14.893617021276604;35.3235;biomass;1.0
4584 onwind;1.0;2.0;130.67079363351468;onshore wind;0.04814430320542473
4584 ror;0.9;3.0;0.312;run of river;0.6608531105671128
4584 solar;1.0;1.0;136.50447855962554;solar;0.05975857014363902
4585 biomass;0.46999999999999925;14.89361702127662;80.967;biomass;1.0
4585 onwind;1.0;2.0;387.1778565771693;onshore wind;0.06534273464854942
4585 ror;0.9000000000000002;3.0;2.8371800000000005;run of river;0.6608531105671127
4585 solar;1.0;1.0;373.39051096719663;solar;0.10852052189375222
4589 OCGT;0.3639387096774193;59.729079692610426;18.6;OCGT;1.0
4589 biomass;0.4699999999999993;14.893617021276613;48.21650000000001;biomass;1.0
4589 onwind;1.0;2.0;285.26334811181107;onshore wind;0.07898482355972396
4589 ror;0.9000000000000001;3.0;1.0505;run of river;0.6608531105671128
4589 solar;1.0;1.0;321.3026214462815;solar;0.07971031694559887
4590 biomass;0.46999999999999914;14.893617021276569;86.42826000000001;biomass;1.0
4590 onwind;1.0;2.0;206.32641586788475;onshore wind;0.08013982557842876
4590 ror;0.9000000000000001;3.0;2.267;run of river;0.6608531105671128
4590 solar;1.0;1.0;470.758751293316;solar;0.09535562358611825
4592 OCGT;0.3990799999999999;54.86584143530121;13.25;OCGT;1.0
4592 biomass;0.46999999999999964;14.893617021276604;67.483;biomass;1.0
4592 onwind;1.0;2.0;145.9772236134875;onshore wind;0.06794590789074842
4592 ror;0.9000000000000001;3.0;27.612;run of river;0.6608531105671129
4592 solar;1.0;1.0;649.7859947620791;solar;0.20924504707698866
4620 biomass;0.4699999999999998;14.893617021276604;7.599;biomass;1.0
4620 lignite;0.39080000000000004;10.922922954393023;3035.684474241242;lignite;1.0
4620 onwind;1.0;2.0;209.61151227630668;onshore wind;0.0
4620 solar;1.0;1.0;298.06190331483947;solar;0.04078831145585508
4625 CCGT;0.513;43.38128654970761;122.0;CCGT;1.0
4625 biomass;0.4700000000000002;14.893617021276606;18.5835;biomass;1.0
4625 onwind;1.0;2.0;111.5032651093683;onshore wind;0.0
4625 ror;0.9;3.0;0.075;run of river;0.6608531105671128
4625 solar;1.0;1.0;403.4879689313912;solar;0.05539523193209873
4626 biomass;0.47;14.893617021276597;4.749;biomass;1.0
4626 lignite;0.394;10.860406091370557;1475.423802790397;lignite;1.0
4626 onwind;1.0;2.0;128.38813420411108;onshore wind;0.0
4626 ror;0.9;3.0;38.1;run of river;0.6608531105671127
4626 solar;1.0;1.0;285.97350756789194;solar;0.0353153848528836
4627 biomass;0.4699999999999998;14.893617021276604;4.8383;biomass;1.0
4627 lignite;0.4016168108776267;10.720813276373619;2380.965161753003;lignite;1.0
4627 onwind;1.0;2.0;17.413788502400354;onshore wind;0.0
4627 ror;0.9;3.0;0.9199999999999999;run of river;0.6608531105671129
4627 solar;1.0;1.0;103.43824303826597;solar;0.05213794650369265
4629 biomass;0.46999999999999964;14.893617021276587;29.2339;biomass;1.0
4629 onwind;1.0;2.0;194.5517067682353;onshore wind;0.0
4629 solar;1.0;1.0;231.79285165869095;solar;0.05194761134475248
4666 biomass;0.4699999999999999;14.893617021276597;1.6504999999999999;biomass;1.0
4666 onwind;1.0;2.0;19.407149482398435;onshore wind;0.061586674521951115
4666 solar;1.0;1.0;51.0750548089367;solar;0.34707984844893963
4685 OCGT;0.3872;56.4111570247934;11.4;OCGT;1.0
4685 biomass;0.46999999999999953;14.893617021276594;53.967700000000015;biomass;1.0
4685 onwind;1.0;2.0;419.9003200041743;onshore wind;0.008758498229574049
4685 solar;1.0;1.0;470.4267400326986;solar;0.10951053220319822
4691 OCGT;0.3795;57.46442687747036;24.0;OCGT;1.0
4691 biomass;0.4699999999999998;14.893617021276604;10.296;biomass;1.0
4691 oil;0.3817;136.99292638197537;4.8;oil;1.0
4691 onwind;1.0;2.0;99.55373255533715;onshore wind;0.029661354361726903
4691 solar;1.0;1.0;77.42930990065955;solar;0.2665421657137363
4693 biomass;0.4700000000000001;14.893617021276604;16.038;biomass;1.0
4693 onwind;1.0;2.0;104.03322807040003;onshore wind;0.06793987678729435
4693 solar;1.0;1.0;187.12554834335276;solar;0.25903086503199346
4695 OCGT;0.4027;54.504234816697604;73.5;OCGT;1.0
4695 biomass;0.46999999999999986;14.893617021276599;6.2989999999999995;biomass;1.0
4695 coal;0.33;28.196969696969695;600.0;coal;1.0
4695 onwind;1.0;2.0;19.590881352225228;onshore wind;0.06245095804887821
4695 solar;1.0;1.0;87.58291709627609;solar;0.3641522846964235
4698 biomass;0.47000000000000003;14.893617021276606;23.543;biomass;1.0
4698 coal;0.33;28.196969696969695;1491.3243478758093;coal;1.0
4698 onwind;1.0;2.0;84.69556962695155;onshore wind;0.015620264819781323
4698 solar;1.0;1.0;72.1360606646053;solar;0.2503030456841028
4700 biomass;0.4699999999999999;14.893617021276597;8.199;biomass;1.0
4700 onwind;1.0;2.0;4.6;onshore wind;0.06370053571813247
4700 solar;1.0;1.0;21.70902608534245;solar;0.38121038300262117
4701 biomass;0.46999999999999986;14.8936170212766;5.588;biomass;1.0
4701 onwind;1.0;2.0;30.469808935022225;onshore wind;0.013531349546505238
4701 solar;1.0;1.0;42.37390405198735;solar;0.27136233276432925
4703 biomass;0.46999999999999986;14.893617021276597;6.630000000000001;biomass;1.0
4703 onwind;1.0;2.0;3.12;onshore wind;0.06370053571813247
4703 solar;1.0;1.0;32.92786067162499;solar;0.3230504046641714
4705 biomass;0.47;14.893617021276597;1.140911;biomass;1.0
4705 lignite;0.3833991391678623;11.171492530851268;6199.546814715448;lignite;1.0
4705 onwind;1.0;2.0;93.23272380220213;onshore wind;0.08613436663237829
4705 ror;0.9;3.0;0.075;run of river;0.6608531105671128
4705 solar;1.0;1.0;29.626110324849577;solar;0.34431799858953144
4709 OCGT;0.3956;55.30889787664308;400.0;OCGT;1.0
4709 biomass;0.4699999999999999;14.893617021276603;18.95902;biomass;1.0
4709 lignite;0.3650292707802142;11.489732956154281;1838.0698786647483;lignite;1.0
4709 onwind;1.0;2.0;391.4600737483199;onshore wind;0.16198833171011
4709 ror;0.9;3.0;14.225;run of river;0.6608531105671129
4709 solar;1.0;1.0;193.2290652353606;solar;0.24153566123184067
4710 biomass;0.47;14.893617021276597;2.1229999999999998;biomass;1.0
4710 onwind;1.0;2.0;66.64605042467392;onshore wind;0.09773577853631289
4710 solar;1.0;1.0;31.03143625784896;solar;0.32074043082178977
4713 CCGT;0.5708201438848921;39.515444587937054;1418.0;CCGT;1.0
4713 OCGT;0.3762;57.929027113237645;18.879;OCGT;1.0
4713 biomass;0.46999999999999986;14.893617021276597;7.126999999999999;biomass;1.0
4713 onwind;1.0;2.0;8.538578702706983;onshore wind;0.0803056973102921
4713 solar;1.0;1.0;66.9905129119876;solar;0.44326613003899407
4715 lignite;0.31813082795067527;13.00691383909729;3109.455664380762;lignite;1.0
4715 onwind;1.0;2.0;164.88230948746417;onshore wind;0.08966282181195584
4715 solar;1.0;1.0;28.048393704974398;solar;0.37519944106766584
4716 OCGT;0.385;56.70779220779221;10.2;OCGT;1.0
4716 biomass;0.4699999999999999;14.893617021276597;5.347;biomass;1.0
4716 onwind;1.0;2.0;1.0666876215278127;onshore wind;0.06638237965819278
4716 ror;0.9;3.0;0.06;run of river;0.6608531105671128
4716 solar;1.0;1.0;26.155213044689063;solar;0.47683928236783213
4717 biomass;0.47;14.893617021276597;2.259;biomass;1.0
4717 onwind;1.0;2.0;5.150295042318606;onshore wind;0.07622965612101386
4717 solar;1.0;1.0;36.29374586102885;solar;0.4791989635959895
4719 CCGT;0.5111548581372622;43.62880075565944;976.0;CCGT;1.0
4719 biomass;0.4699999999999998;14.893617021276603;1.2769000000000001;biomass;1.0
4719 lignite;0.424;10.339622641509434;78.38188952323983;lignite;1.0
4719 onwind;1.0;2.0;1.032413727050647;onshore wind;0.08768388761145854
4719 ror;0.9;3.0;0.45;run of river;0.6608531105671128
4719 solar;1.0;1.0;49.31953175751845;solar;0.529068704168129
4720 CCGT;0.5445;41.11460055096419;15.8;CCGT;1.0
4720 biomass;0.47;14.893617021276597;2.014;biomass;1.0
4720 oil;0.38;137.57894736842104;97.1;oil;1.0
4720 onwind;1.0;2.0;0.5356619019157498;onshore wind;0.07244001798170033
4720 solar;1.0;1.0;42.324678170660974;solar;0.4372036827463425
4722 OCGT;0.3696;58.88311688311689;51.9;OCGT;1.0
4722 biomass;0.4699999999999998;14.893617021276603;4.2715000000000005;biomass;1.0
4722 lignite;0.3496;11.795194508009153;14.5;lignite;1.0
4722 onwind;1.0;2.0;28.403238453023967;onshore wind;0.08414323058735591
4722 solar;1.0;1.0;68.41808640994783;solar;0.2706592885278754
4723 CCGT;0.5000585193249864;44.395295596868095;1820.0;CCGT;1.0
4723 OCGT;0.3806;57.31135049921178;66.0;OCGT;1.0
4723 biomass;0.4699999999999993;14.893617021276619;39.64100000000002;biomass;1.0
4723 nuclear;0.33;11.378787878787879;1336.0;nuclear;1.0
4723 onwind;1.0;2.0;363.8649376841571;onshore wind;0.0
4723 solar;1.0;1.0;239.74717364282455;solar;0.056519132024540175
4724 biomass;0.4699999999999992;14.893617021276583;62.8043;biomass;1.0
4724 onwind;1.0;2.0;827.1068873434783;onshore wind;0.0
4724 solar;1.0;1.0;459.6762995005655;solar;0.06554391283024973
4728 biomass;0.46999999999999936;14.89361702127661;45.6445;biomass;1.0
4728 onwind;1.0;2.0;189.60784476692663;onshore wind;0.0
4728 solar;1.0;1.0;286.21275951902726;solar;0.16455799852351916
4730 CCGT;0.5625;39.93333333333334;104.14;CCGT;1.0
4730 biomass;0.46999999999999953;14.89361702127659;30.825;biomass;1.0
4730 onwind;1.0;2.0;172.5980358202878;onshore wind;0.0
4730 solar;1.0;1.0;166.4506842692592;solar;0.1570205902159548
4731 biomass;0.47;14.893617021276597;9.69;biomass;1.0
4731 onwind;1.0;2.0;77.97121845375344;onshore wind;0.0
4731 solar;1.0;1.0;127.44179503892634;solar;0.22439276397604077
4733 OCGT;0.3894000000000001;56.11787365177195;26.0;OCGT;1.0
4733 biomass;0.47000000000000003;14.893617021276603;31.92340000000001;biomass;1.0
4733 coal;0.33;28.196969696969695;1770.1189566012945;coal;1.0
4733 onwind;1.0;2.0;29.150834255752088;onshore wind;0.005652299924400725
4733 solar;1.0;1.0;85.93690911004394;solar;0.2522492923389222
4736 OCGT;0.3806;57.31135049921178;18.1;OCGT;1.0
4736 biomass;0.4699999999999994;14.893617021276597;68.57830000000001;biomass;1.0
4736 onwind;1.0;2.0;646.3221496818156;onshore wind;0.0
4736 solar;1.0;1.0;426.88333520073576;solar;0.05972989236781183
4738 biomass;0.4699999999999995;14.893617021276595;24.347;biomass;1.0
4738 onwind;1.0;2.0;100.73409247049358;onshore wind;0.0
4738 solar;1.0;1.0;130.04484279074234;solar;0.08649338031956048
4740 biomass;0.47000000000000014;14.893617021276608;10.691;biomass;1.0
4740 onwind;1.0;2.0;27.506258900406543;onshore wind;0.0
4740 solar;1.0;1.0;68.20769007250796;solar;0.0860922115050124
4742 CCGT;0.576;39.09583333333334;850.0;CCGT;1.0
4742 biomass;0.4699999999999998;14.893617021276604;4.91;biomass;1.0
4742 onwind;1.0;2.0;101.48253534486224;onshore wind;0.0
4742 solar;1.0;1.0;77.31950489563968;solar;0.2423790874007094
4744 biomass;0.4699999999999998;14.893617021276592;17.564;biomass;1.0
4744 onwind;1.0;2.0;187.7955233856053;onshore wind;0.0
4744 ror;0.9;3.0;0.13;run of river;0.6608531105671128
4744 solar;1.0;1.0;135.66378595767378;solar;0.3129177066881237
4746 biomass;0.4699999999999997;14.893617021276587;15.233999999999998;biomass;1.0
4746 onwind;1.0;2.0;104.88995289910818;onshore wind;0.0
4746 solar;1.0;1.0;146.89264002074182;solar;0.2720025757841052
4748 OCGT;0.3784;57.618393234672304;25.0;OCGT;1.0
4748 biomass;0.4699999999999999;14.893617021276597;27.776;biomass;1.0
4748 onwind;1.0;2.0;37.264608935411914;onshore wind;0.0
4748 solar;1.0;1.0;116.00287091423905;solar;0.5112412522322475
4749 biomass;0.4699999999999996;14.893617021276585;37.34946000000001;biomass;1.0
4749 onwind;1.0;2.0;109.16075293541758;onshore wind;0.0
4749 solar;1.0;1.0;147.20443436762037;solar;0.4103272279886114
4750 biomass;0.47;14.893617021276597;0.09;biomass;1.0
4750 onwind;1.0;2.0;0.0;onshore wind;0.014882098225986256
4750 solar;1.0;1.0;25.175678526336235;solar;0.2648887591790625
4752 biomass;0.47;14.893617021276597;1.2269999999999999;biomass;1.0
4752 onwind;1.0;2.0;0.5354461826815063;onshore wind;0.06668532595914953
4752 solar;1.0;1.0;14.418430522659428;solar;0.28597629961694554
4754 OCGT;0.3993;54.838091660405716;44.0;OCGT;1.0
4754 biomass;0.47;14.893617021276597;22.005999999999997;biomass;1.0
4754 onwind;1.0;2.0;13.50882613528176;onshore wind;0.014882098225986256
4754 solar;1.0;1.0;33.323013849516485;solar;0.27625258631279725
4755 OCGT;0.3593486486486486;60.434536210410734;11.1;OCGT;1.0
4755 biomass;0.46999999999999986;14.893617021276597;7.017;biomass;1.0
4755 solar;1.0;1.0;23.863765636999187;solar;0.247983535810297
4757 biomass;0.4699999999999999;14.893617021276597;2.302;biomass;1.0
4757 onwind;1.0;2.0;7.446689875999722;onshore wind;0.06654556217718739
4757 ror;0.9;3.0;1.04;run of river;0.6608531105671128
4757 solar;1.0;1.0;23.49935675022358;solar;0.25645562787547854
4759 CCGT;0.5625;39.93333333333334;88.019;CCGT;1.0
4759 biomass;0.4699999999999999;14.893617021276597;2.07;biomass;1.0
4759 oil;0.38;137.57894736842104;60.0;oil;1.0
4759 onwind;1.0;2.0;7.7684424485681;onshore wind;0.06667023744413533
4759 solar;1.0;1.0;22.09071692851933;solar;0.30739271106436666
4761 biomass;0.46999999999999986;14.8936170212766;2.5741;biomass;1.0
4761 onwind;1.0;2.0;12.983638392222701;onshore wind;0.07987079728942094
4761 ror;0.9;3.0;0.704;run of river;0.6608531105671128
4761 solar;1.0;1.0;52.38469200747381;solar;0.3939140752457065
4763 CCGT;0.5715;39.37060367454069;424.0;CCGT;1.0
4763 biomass;0.47;14.893617021276597;0.84;biomass;1.0
4763 onwind;1.0;2.0;5.501214701397552;onshore wind;0.06721135256809975
4763 ror;0.9;3.0;0.8;run of river;0.6608531105671129
4763 solar;1.0;1.0;23.364123800808603;solar;0.20385178143559862
4765 biomass;0.46999999999999986;14.893617021276599;22.454;biomass;1.0
4765 onwind;1.0;2.0;41.98601845995026;onshore wind;0.06904811452330463
4765 ror;0.9;3.0;2.0700000000000003;run of river;0.6608531105671127
4765 solar;1.0;1.0;51.04384860447452;solar;0.2629104852443147
4766 biomass;0.4699999999999998;14.8936170212766;3.123;biomass;1.0
4766 onwind;1.0;2.0;41.49187683328975;onshore wind;0.06350134338921551
4766 ror;0.9;3.0;14.144;run of river;0.6608531105671128
4766 solar;1.0;1.0;54.92406996397746;solar;0.2905349504052201
4768 OCGT;0.3993;54.838091660405716;95.0;OCGT;1.0
4768 biomass;0.46999999999999986;14.8936170212766;3.4789999999999996;biomass;1.0
4768 onwind;1.0;2.0;13.903200407920052;onshore wind;0.08610874912783292
4768 solar;1.0;1.0;116.03247264156224;solar;0.4207232581075744
4773 biomass;0.4699999999999998;14.893617021276603;4.745;biomass;1.0
4773 onwind;1.0;2.0;69.20689197781053;onshore wind;0.0826115452674638
4773 ror;0.9;3.0;81.0;run of river;0.6608531105671128
4773 solar;1.0;1.0;55.53720556667879;solar;0.571960731364142
4775 biomass;0.47;14.893617021276597;0.665;biomass;1.0
4775 onwind;1.0;2.0;38.19700342350252;onshore wind;0.11085525136477065
4775 solar;1.0;1.0;25.619334915202224;solar;0.5791956542128764
4777 biomass;0.4699999999999998;14.893617021276603;4.528;biomass;1.0
4777 onwind;1.0;2.0;144.09824741683252;onshore wind;0.10305028860240073
4777 ror;0.9;3.0;0.055;run of river;0.6608531105671128
4777 solar;1.0;1.0;114.04940801799499;solar;0.5490412150489871
4778 biomass;0.4700000000000002;14.893617021276608;8.809;biomass;1.0
4778 onwind;1.0;2.0;71.75906409577837;onshore wind;0.05807825629365437
4778 ror;0.9;3.0;0.484;run of river;0.6608531105671128
4778 solar;1.0;1.0;98.57553809309034;solar;0.6054720289864212
4779 biomass;0.46999999999999986;14.893617021276597;6.209;biomass;1.0
4779 onwind;1.0;2.0;69.2692074124954;onshore wind;0.10066401463605452
4779 solar;1.0;1.0;28.212425239469855;solar;0.5833094104153355
4793 biomass;0.46999999999999986;14.893617021276594;10.521799999999995;biomass;1.0
4793 onwind;1.0;2.0;182.89384019390278;onshore wind;0.38651250147900673
4793 solar;1.0;1.0;54.795520951797236;solar;0.2863931141375742
4795 biomass;0.4700000000000002;14.893617021276608;11.385299999999997;biomass;1.0
4795 onwind;1.0;2.0;463.57402130825994;onshore wind;0.24089591501815008
4795 ror;0.9;3.0;1.45;run of river;0.6608531105671128
4795 solar;1.0;1.0;162.75994129572084;solar;0.1979753641382292
4796 biomass;0.46999999999999986;14.893617021276604;9.59;biomass;1.0
4796 onwind;1.0;2.0;18.576480819898784;onshore wind;0.12894126224050645
4796 solar;1.0;1.0;62.27299852664889;solar;0.17804712443407492
4798 biomass;0.4699999999999999;14.893617021276595;11.926;biomass;1.0
4798 onwind;1.0;2.0;110.32974195598385;onshore wind;0.39581907577709013
4798 ror;0.9;3.0;0.42;run of river;0.6608531105671128
4798 solar;1.0;1.0;93.18590434631143;solar;0.3437032378624607
4800 biomass;0.4700000000000002;14.893617021276606;14.770499999999997;biomass;1.0
4800 onwind;1.0;2.0;310.0651582102971;onshore wind;0.2545332837295455
4800 ror;0.9;3.0;64.8;run of river;0.6608531105671128
4800 solar;1.0;1.0;238.9368673564118;solar;0.2286251215593759
4831 biomass;0.4700000000000001;14.893617021276606;8.194;biomass;1.0
4831 onwind;1.0;2.0;87.76834373270708;onshore wind;0.4124738931234288
4831 ror;0.9;3.0;0.28;run of river;0.6608531105671128
4831 solar;1.0;1.0;114.98678465769459;solar;0.3021546139784675
4832 biomass;0.4699999999999998;14.893617021276604;4.2579;biomass;1.0
4832 onwind;1.0;2.0;355.6939125595603;onshore wind;0.40112873322961967
4832 ror;0.9;3.0;44.0;run of river;0.6608531105671129
4832 solar;1.0;1.0;101.33007303004672;solar;0.4041418828805973
4834 biomass;0.4699999999999999;14.893617021276597;1.2712999999999999;biomass;1.0
4834 onwind;1.0;2.0;36.22418834136183;onshore wind;0.47903211020550807
4834 solar;1.0;1.0;51.21993030330799;solar;0.5403705284765065
4836 CCGT;0.5625;39.93333333333334;125.0;CCGT;1.0
4836 OCGT;0.3982;54.97714716223004;38.61;OCGT;1.0
4836 biomass;0.4699999999999998;14.893617021276604;6.219499999999999;biomass;1.0
4836 coal;0.33;28.196969696969695;1097.1049783101776;coal;1.0
4836 onwind;1.0;2.0;111.20905664583657;onshore wind;0.45352489645934285
4836 solar;1.0;1.0;172.05386716439043;solar;0.5227092489362675
4841 OCGT;0.4026;54.42548435171386;22.0;OCGT;1.0
4841 biomass;0.47;14.893617021276597;1.9200000000000002;biomass;1.0
4841 onwind;1.0;2.0;31.08387499337406;onshore wind;0.5181635347944444
4841 solar;1.0;1.0;74.46072462037696;solar;0.5228642012953598
4845 biomass;0.47;14.893617021276597;2.102;biomass;1.0
4845 onwind;1.0;2.0;18.426208486598405;onshore wind;0.10099597060098056
4845 solar;1.0;1.0;58.619585950883575;solar;0.26072279303893886
4846 CCGT;0.532002966101695;41.98174423966988;47.2;CCGT;1.0
4846 biomass;0.47000000000000014;14.893617021276608;15.2195;biomass;1.0
4846 onwind;1.0;2.0;217.06656443363295;onshore wind;0.12961990447607522
4846 ror;0.9;3.0;20.0;run of river;0.6608531105671129
4846 solar;1.0;1.0;161.0458823903384;solar;0.29364856181889093
4847 biomass;0.4699999999999998;14.893617021276603;5.42;biomass;1.0
4847 onwind;1.0;2.0;396.23783326150897;onshore wind;0.12507227884466537
4847 ror;0.9;3.0;17.728;run of river;0.6608531105671128
4847 solar;1.0;1.0;168.1903261468924;solar;0.3545646930820308
4848 biomass;0.47000000000000014;14.893617021276608;27.680999999999997;biomass;1.0
4848 onwind;1.0;2.0;193.84837755453475;onshore wind;0.11423540856098537
4848 ror;0.9;3.0;3.5360000000000005;run of river;0.6608531105671128
4848 solar;1.0;1.0;208.06015138682554;solar;0.530338146197873
4849 biomass;0.4699999999999998;14.893617021276604;5.487;biomass;1.0
4849 onwind;1.0;2.0;620.9215604556099;onshore wind;0.15842956233574418
4849 ror;0.9;3.0;0.32;run of river;0.6608531105671128
4849 solar;1.0;1.0;267.70395639173967;solar;0.4604112871362499
4850 onwind;1.0;2.0;24.332491614879597;onshore wind;0.11664475851989667
4850 solar;1.0;1.0;20.98144501956577;solar;0.5610476157396284
4852 CCGT;0.5142320592823713;43.35438633442555;897.1;CCGT;1.0
4852 OCGT;0.3915999999999999;55.82788559754854;25.015;OCGT;1.0
4852 biomass;0.47000000000000003;14.8936170212766;50.153;biomass;1.0
4852 onwind;1.0;2.0;22.356951037927786;onshore wind;0.1232718272326712
4852 solar;1.0;1.0;93.14802107160403;solar;0.5655320129955015
4853 biomass;0.4699999999999998;14.893617021276603;3.604;biomass;1.0
4853 onwind;1.0;2.0;251.11733704363024;onshore wind;0.1201165700833412
4853 solar;1.0;1.0;123.0958241914255;solar;0.48995345563446957
4854 OCGT;0.4164;52.77089337175793;19.5;OCGT;1.0
4854 biomass;0.4699999999999998;14.893617021276603;11.991299999999999;biomass;1.0
4854 coal;0.33;28.196969696969695;719.110826119276;coal;1.0
4854 onwind;1.0;2.0;292.81888070514617;onshore wind;0.35263459687881915
4854 solar;1.0;1.0;176.40303895116003;solar;0.4857115223093864
4859 biomass;0.46999999999999986;14.8936170212766;6.363499999999999;biomass;1.0
4859 onwind;1.0;2.0;56.241695624871525;onshore wind;0.19482964894126603
4859 ror;0.9;3.0;0.12;run of river;0.6608531105671128
4859 solar;1.0;1.0;140.14875653752662;solar;0.47205387398248644
4861 CCGT;0.531;42.05310734463277;353.0;CCGT;1.0
4861 OCGT;0.3927;55.684110007639426;59.0;OCGT;1.0
4861 biomass;0.4699999999999999;14.8936170212766;20.54635;biomass;1.0
4861 coal;0.33;28.196969696969695;1375.529939192256;coal;1.0
4861 oil;0.3795;137.75230566534916;70.0;oil;1.0
4861 onwind;1.0;2.0;141.84830692165733;onshore wind;0.2578458512361366
4861 ror;0.9;3.0;2.141;run of river;0.6608531105671128
4861 solar;1.0;1.0;343.2018145518683;solar;0.27342006741858904
4863 biomass;0.47000000000000014;14.893617021276608;14.385;biomass;1.0
4863 onwind;1.0;2.0;26.96458255246017;onshore wind;0.0
4863 solar;1.0;1.0;115.82660940675045;solar;0.3759471066053067
4864 biomass;0.47;14.893617021276597;39.2165;biomass;1.0
4864 onwind;1.0;2.0;71.13303487508384;onshore wind;0.0
4864 solar;1.0;1.0;104.08534098460096;solar;0.31853440804246747
4867 CCGT;0.5625;39.93333333333334;37.5;CCGT;1.0
4867 biomass;0.4699999999999999;14.893617021276606;9.499;biomass;1.0
4867 onwind;1.0;2.0;26.782519431120722;onshore wind;0.0
4867 solar;1.0;1.0;63.48188732390624;solar;0.4395263338681465
4869 OCGT;0.4037;54.2894476096111;10.2;OCGT;1.0
4869 biomass;0.4699999999999998;14.893617021276604;7.7428;biomass;1.0
4869 onwind;1.0;2.0;25.41118696143178;onshore wind;0.0
4869 solar;1.0;1.0;52.2533656470384;solar;0.5482170966151619
4870 biomass;0.4699999999999996;14.893617021276583;30.700000000000003;biomass;1.0
4870 onwind;1.0;2.0;629.9829117759718;onshore wind;0.0
4870 solar;1.0;1.0;276.3808696701419;solar;0.593116651025407
4871 OCGT;0.3861;56.559052059052064;12.6;OCGT;1.0
4871 biomass;0.4699999999999998;14.893617021276592;61.41300000000001;biomass;1.0
4871 onwind;1.0;2.0;200.2247011557688;onshore wind;0.0
4871 ror;0.9;3.0;0.06;run of river;0.6608531105671128
4871 solar;1.0;1.0;179.68636201207164;solar;0.5621869951326367
4876 OCGT;0.3695999999999999;58.883116883116905;13.5;OCGT;1.0
4876 biomass;0.47000000000000014;14.893617021276608;30.308;biomass;1.0
4876 onwind;1.0;2.0;461.5554920220549;onshore wind;0.01892050796370053
4876 solar;1.0;1.0;96.60596890839848;solar;0.6085157368751049
4877 biomass;0.4699999999999998;14.893617021276592;25.945500000000003;biomass;1.0
4877 onwind;1.0;2.0;291.18571681711364;onshore wind;0.010484509620610847
4877 solar;1.0;1.0;154.95636129692193;solar;0.6069655261444835
4883 CCGT;0.5895;38.29669211195929;78.0;CCGT;1.0
4883 biomass;0.4699999999999999;14.893617021276606;10.053499999999998;biomass;1.0
4883 onwind;1.0;2.0;80.42961984778208;onshore wind;0.034851331534394105
4883 ror;0.9;3.0;1.007;run of river;0.6608531105671129
4883 solar;1.0;1.0;105.11021415255867;solar;0.597834609109807
4884 biomass;0.47;14.893617021276597;14.146;biomass;1.0
4884 onwind;1.0;2.0;256.7969266110183;onshore wind;0.06505811703058405
4884 ror;0.9;3.0;0.523;run of river;0.6608531105671128
4884 solar;1.0;1.0;176.31289810122016;solar;0.6247365607841054
4885 CCGT;0.5805;38.82532299741602;69.0;CCGT;1.0
4885 OCGT;0.38939999999999997;56.151259268938034;72.0;OCGT;1.0
4885 biomass;0.4700000000000002;14.893617021276608;11.288499999999997;biomass;1.0
4885 onwind;1.0;2.0;235.67758049415272;onshore wind;0.05860204703247151
4885 ror;0.9;3.0;1.2650000000000001;run of river;0.6608531105671127
4885 solar;1.0;1.0;162.0046137891923;solar;0.5094026666239694
4886 CCGT;0.5985;37.78395989974938;230.0;CCGT;1.0
4886 OCGT;0.38334999999999997;56.94483808602433;49.11;OCGT;1.0
4886 biomass;0.46999999999999975;14.893617021276597;221.19880000000003;biomass;1.0
4886 coal;0.33;28.196969696969695;276.5810869689523;coal;1.0
4886 onwind;1.0;2.0;981.72346561922;onshore wind;0.0
4886 ror;0.9;3.0;20.261000000000003;run of river;0.6608531105671127
4886 solar;1.0;1.0;774.3605890851467;solar;0.5409350370291555
4887 biomass;0.47000000000000014;14.893617021276608;20.852;biomass;1.0
4887 onwind;1.0;2.0;197.75936913562245;onshore wind;0.0
4887 ror;0.9;3.0;1.715;run of river;0.6608531105671128
4887 solar;1.0;1.0;73.03789107192505;solar;0.5961076842634131
4888 CCGT;0.54;41.422222222222224;13.0;CCGT;1.0
4888 biomass;0.47000000000000003;14.8936170212766;27.918;biomass;1.0
4888 onwind;1.0;2.0;176.65441999210066;onshore wind;0.0
4888 ror;0.9;3.0;16.4;run of river;0.6608531105671127
4888 solar;1.0;1.0;59.26579386312954;solar;0.5753353063344141
4890 OCGT;0.4004;54.69980019980021;10.4;OCGT;1.0
4890 biomass;0.46999999999999986;14.893617021276604;22.6445;biomass;1.0
4890 coal;0.33;28.196969696969695;71.9110826119276;coal;1.0
4890 onwind;1.0;2.0;112.1093369809838;onshore wind;0.0
4890 solar;1.0;1.0;96.12258490972799;solar;0.5070620414864405
4891 biomass;0.47000000000000003;14.893617021276606;21.157;biomass;1.0
4891 onwind;1.0;2.0;157.19691629618922;onshore wind;0.0
4891 ror;0.9000000000000001;3.0;6.892399999999999;run of river;0.6608531105671129
4891 solar;1.0;1.0;136.13320085841366;solar;0.5915065513367951
4896 OCGT;0.3839000000000001;56.85738473560823;11.4;OCGT;1.0
4896 biomass;0.46999999999999953;14.89361702127659;44.923;biomass;1.0
4896 coal;0.3579098039215687;26.41041565024123;411.1838826271757;coal;1.0
4896 onwind;1.0;2.0;208.80983298953458;onshore wind;0.0
4896 solar;1.0;1.0;124.43604602694856;solar;0.16182092587318928
4898 biomass;0.4699999999999997;14.893617021276587;41.435;biomass;1.0
4898 onwind;1.0;2.0;707.5864118378772;onshore wind;0.0
4898 ror;0.9;3.0;0.045;run of river;0.6608531105671128
4898 solar;1.0;1.0;277.1491219493855;solar;0.23064730425282265
4900 biomass;0.46999999999999975;14.89361702127659;37.59;biomass;1.0
4900 onwind;1.0;2.0;383.89132040951904;onshore wind;0.0
4900 ror;0.9;3.0;5.304;run of river;0.6608531105671128
4900 solar;1.0;1.0;426.2044865886188;solar;0.47031012655208604
4901 biomass;0.46999999999999986;14.893617021276597;2.9256;biomass;1.0
4901 onwind;1.0;2.0;182.28743945815137;onshore wind;0.1118948404174396
4901 ror;0.9;3.0;0.153;run of river;0.6608531105671128
4901 solar;1.0;1.0;146.90929342423144;solar;0.5817489854723588
4902 biomass;0.4699999999999999;14.893617021276595;23.1256;biomass;1.0
4902 onwind;1.0;2.0;136.5319603902081;onshore wind;0.10968438165077363
4902 ror;0.9;3.0;0.401;run of river;0.6608531105671127
4902 solar;1.0;1.0;178.61105538856432;solar;0.6236021171559796
4905 biomass;0.47000000000000003;14.893617021276606;8.7467;biomass;1.0
4905 onwind;1.0;2.0;24.763685895679167;onshore wind;0.09923969989759676
4905 solar;1.0;1.0;99.18171456490523;solar;0.6165876092333739
4907 OCGT;0.3971;55.13601192470021;108.7;OCGT;1.0
4907 biomass;0.4699999999999998;14.893617021276604;20.55015;biomass;1.0
4907 coal;0.33;28.196969696969695;188.07513913888755;coal;1.0
4907 onwind;1.0;2.0;8.320684817517916;onshore wind;0.10389164060632507
4907 solar;1.0;1.0;101.08774691626134;solar;0.5942193973427781
4909 OCGT;0.4138;53.0741904301595;94.6;OCGT;1.0
4909 biomass;0.46999999999999986;14.893617021276599;2.6790000000000003;biomass;1.0
4909 onwind;1.0;2.0;2.3835526565062244;onshore wind;0.10082049270752459
4909 solar;1.0;1.0;53.8127394272066;solar;0.5054199292881965
4911 biomass;0.4700000000000002;14.893617021276608;11.4536;biomass;1.0
4911 coal;0.3597;26.157770364192384;509.83113697943537;coal;1.0
4911 onwind;1.0;2.0;119.05640673345616;onshore wind;0.08972694734085228
4911 ror;0.9;3.0;0.22;run of river;0.6608531105671127
4911 solar;1.0;1.0;175.19005653110855;solar;0.518522382251477
4913 biomass;0.46999999999999986;14.8936170212766;11.463;biomass;1.0
4913 onwind;1.0;2.0;129.757793881274;onshore wind;0.11983244024795542
4913 ror;0.9;3.0;0.14400000000000002;run of river;0.6608531105671127
4913 solar;1.0;1.0;128.52899411501602;solar;0.29185346149545094
4915 biomass;0.46999999999999975;14.89361702127659;28.2988;biomass;1.0
4915 oil;0.3971;131.91286829513976;24.8;oil;1.0
4915 onwind;1.0;2.0;281.0302740227056;onshore wind;0.08765432448971265
4915 ror;0.9;3.0;0.136;run of river;0.6608531105671129
4915 solar;1.0;1.0;266.0764358924401;solar;0.5257996099763291
4917 biomass;0.4699999999999998;14.8936170212766;2.72127;biomass;1.0
4917 onwind;1.0;2.0;8.806063322437716;onshore wind;0.10778859822737974
4917 solar;1.0;1.0;60.390293227315325;solar;0.389735718451068
4918 CCGT;0.5357258034894399;41.73032360999674;954.5;CCGT;1.0
4918 OCGT;0.3751;58.085710477206085;11.5;OCGT;1.0
4918 biomass;0.4699999999999998;14.893617021276603;55.254000000000005;biomass;1.0
4918 onwind;1.0;2.0;136.521988134393;onshore wind;0.13625984964526633
4918 solar;1.0;1.0;184.49025059678345;solar;0.5225004910362679
4920 CCGT;0.5535;40.51436314363144;11.96;CCGT;1.0
4920 OCGT;0.3937999999999999;55.541137633316424;12.5;OCGT;1.0
4920 biomass;0.46999999999999986;14.893617021276597;2.632;biomass;1.0
4920 onwind;1.0;2.0;7.129646419366454;onshore wind;0.12886902846425405
4920 solar;1.0;1.0;102.05085432313594;solar;0.5304005338501627
4923 biomass;0.4699999999999999;14.893617021276597;1.284;biomass;1.0
4923 nuclear;0.33;11.378787878787879;1402.0;nuclear;1.0
4923 onwind;1.0;2.0;6.6192992009154175;onshore wind;0.16610421057992839
4923 solar;1.0;1.0;54.57066939386274;solar;0.50057409363722
4924 biomass;0.46999999999999986;14.893617021276599;6.3790000000000004;biomass;1.0
4924 onwind;1.0;2.0;0.5177505292898573;onshore wind;0.1316811500815682
4924 solar;1.0;1.0;54.807760286077055;solar;0.5261179572398801
4925 onwind;1.0;2.0;1.2655388777319756;onshore wind;0.1562219086250675
4925 solar;1.0;1.0;29.939634998571766;solar;0.4737736769881141
4930 biomass;0.4700000000000001;14.893617021276606;13.243999999999998;biomass;1.0
4930 onwind;1.0;2.0;7.513102524151536;onshore wind;0.16053944454769414
4930 ror;0.9;3.0;0.06;run of river;0.6608531105671128
4930 solar;1.0;1.0;119.56231603246897;solar;0.3258297720612931
4931 biomass;0.47;14.893617021276604;16.4631;biomass;1.0
4931 coal;0.33030000000000004;28.174558653687512;1228.9419630987113;coal;1.0
4931 nuclear;0.33;11.378787878787879;1320.0;nuclear;1.0
4931 onwind;1.0;2.0;59.281331415035794;onshore wind;0.16767874645873876
4931 ror;0.9;3.0;3.827;run of river;0.6608531105671129
4931 solar;1.0;1.0;286.6387353504753;solar;0.31074735079867016
4932 biomass;0.47;14.893617021276606;16.301299999999994;biomass;1.0
4932 onwind;1.0;2.0;140.28284348793312;onshore wind;0.13030312710946795
4932 solar;1.0;1.0;162.57269185852508;solar;0.1983946818675972
4937 biomass;0.47000000000000014;14.893617021276608;9.307;biomass;1.0
4937 onwind;1.0;2.0;16.613878025025357;onshore wind;0.1661654876190121
4937 solar;1.0;1.0;157.31567053061565;solar;0.18362316084617594
4938 biomass;0.46999999999999936;14.89361702127661;71.7675;biomass;1.0
4938 onwind;1.0;2.0;369.81547265573425;onshore wind;0.14583552088408291
4938 ror;0.9000000000000002;3.0;1.6400000000000003;run of river;0.6608531105671127
4938 solar;1.0;1.0;445.00394085931316;solar;0.18174922538838548
4941 OCGT;0.3847754098360656;56.73826545611023;122.0;OCGT;1.0
4941 biomass;0.47000000000000014;14.893617021276608;15.144119999999997;biomass;1.0
4941 onwind;1.0;2.0;118.33236284139545;onshore wind;0.10836287984050841
4941 solar;1.0;1.0;288.6700810887172;solar;0.24388226755919445
4942 biomass;0.4699999999999998;14.893617021276604;69.6696;biomass;1.0
4942 coal;0.33;28.196969696969695;26.73617174033205;coal;1.0
4942 onwind;1.0;2.0;468.619288356963;onshore wind;0.10075144429130405
4942 ror;0.9;3.0;60.949000000000005;run of river;0.6608531105671127
4942 solar;1.0;1.0;802.0261850464656;solar;0.21185619422920127
4944 biomass;0.4700000000000002;14.893617021276608;25.124000000000002;biomass;1.0
4944 onwind;1.0;2.0;64.01098329034882;onshore wind;0.08575061754272392
4944 ror;0.9;3.0;0.075;run of river;0.6608531105671128
4944 solar;1.0;1.0;188.07491804678392;solar;0.055767258789269754
4945 OCGT;0.3927;55.684110007639426;57.0;OCGT;1.0
4945 biomass;0.4699999999999996;14.893617021276583;30.386000000000003;biomass;1.0
4945 onwind;1.0;2.0;144.6122192082177;onshore wind;0.0960478462308224
4945 ror;0.9;3.0;0.066;run of river;0.6608531105671128
4945 solar;1.0;1.0;355.3209764722291;solar;0.06849515112653388
4946 biomass;0.46999999999999964;14.893617021276587;21.2282;biomass;1.0
4946 onwind;1.0;2.0;113.38944186316901;onshore wind;0.09573560976771713
4946 ror;0.9000000000000001;3.0;0.995;run of river;0.6608531105671128
4946 solar;1.0;1.0;290.2942483639;solar;0.049935169106141895
4947 biomass;0.46999999999999975;14.89361702127659;26.3725;biomass;1.0
4947 onwind;1.0;2.0;81.97011649105315;onshore wind;0.09116829552631786
4947 ror;0.9;3.0;0.262;run of river;0.6608531105671128
4947 solar;1.0;1.0;119.82511764282633;solar;0.05249641086024111
4948 biomass;0.46999999999999903;14.893617021276523;150.45495;biomass;1.0
4948 onwind;1.0;2.0;250.66150344790242;onshore wind;0.08511908077680999
4948 ror;0.9;3.0;29.293;run of river;0.6608531105671128
4948 solar;1.0;1.0;849.268556289415;solar;0.12249230005346963
4949 CCGT;0.5625;39.93333333333334;181.0;CCGT;1.0
4949 biomass;0.4699999999999998;14.89361702127659;25.545499999999997;biomass;1.0
4949 onwind;1.0;2.0;34.73349497161786;onshore wind;0.07974334923087925
4949 ror;0.9;3.0;1.594;run of river;0.6608531105671128
4949 solar;1.0;1.0;230.16785963940225;solar;0.06113743753557259
5622 biomass;0.47000000000000014;14.893617021276608;16.5277;biomass;1.0
5622 offwind-ac;1.0;2.0;104.49570261437799;offshore wind;0.19004033345455465
5622 offwind-dc;1.0;2.0;24.591956614998033;offshore wind;0.31703307880092774
5622 onwind;1.0;2.0;268.2409670020057;onshore wind;0.09612952208084763
5622 solar;1.0;1.0;241.34391837418096;solar;0.06995509229685036
5678 offwind-ac;1.0;2.0;28.47077116008573;offshore wind;0.2050723699454888
5678 offwind-dc;1.0;2.0;36.754004147019195;offshore wind;0.28586451068559704
5679 OCGT;0.3784;57.618393234672304;67.9;OCGT;1.0
5679 biomass;0.46999999999999936;14.89361702127661;66.9205;biomass;1.0
5679 offwind-ac;1.0;2.0;1.3901282544196376;offshore wind;0.05958849651663813
5679 onwind;1.0;2.0;188.73664509087962;onshore wind;0.0
5679 ror;0.9;3.0;0.305;run of river;0.6608531105671129
5679 solar;1.0;1.0;271.9092851986036;solar;0.11606405134263775
5685 CCGT;0.522;42.70574712643678;108.0;CCGT;1.0
5685 biomass;0.47;14.893617021276603;27.740000000000002;biomass;1.0
5685 coal;0.33;28.196969696969695;509.83113697943537;coal;1.0
5685 offwind-ac;1.0;2.0;331.29894756870976;offshore wind;0.10596727259753319
5685 onwind;1.0;2.0;491.2086259935966;onshore wind;0.04889694633710819
5685 solar;1.0;1.0;284.4144486735812;solar;0.14601749249726137
5687 biomass;0.46999999999999975;14.89361702127659;24.597;biomass;1.0
5687 onwind;1.0;2.0;399.54107815586156;onshore wind;0.0
5687 solar;1.0;1.0;217.85329779942518;solar;0.0682249772000086
5689 OCGT;0.3784;57.618393234672304;13.2;OCGT;1.0
5689 biomass;0.46999999999999936;14.89361702127661;193.4203999999999;biomass;1.0
5689 onwind;1.0;2.0;802.4479643893947;onshore wind;0.0
5689 solar;1.0;1.0;315.2159700873575;solar;0.058402750032812846
5691 biomass;0.47;14.893617021276599;65.16000000000001;biomass;1.0
5691 onwind;1.0;2.0;720.4854640016672;onshore wind;0.0
5691 ror;0.9;3.0;0.17;run of river;0.6608531105671128
5691 solar;1.0;1.0;409.8743211290265;solar;0.042806392761087435
5693 CCGT;0.5265;42.37663817663818;75.0;CCGT;1.0
5693 biomass;0.46999999999999953;14.893617021276581;58.05065;biomass;1.0
5693 onwind;1.0;2.0;749.304917955785;onshore wind;0.0
5693 solar;1.0;1.0;409.1028598639478;solar;0.04604953017202267
5695 OCGT;0.3820666666666666;57.16482196613754;67.8;OCGT;1.0
5695 biomass;0.46999999999999975;14.893617021276588;29.897999999999996;biomass;1.0
5695 offwind-ac;1.0;2.0;373.7134220120554;offshore wind;0.06232183628532401
5695 onwind;1.0;2.0;371.60617601454356;onshore wind;0.04887371660047547
5695 solar;1.0;1.0;246.23064923815866;solar;0.05907595916855307
5696 biomass;0.4699999999999995;14.893617021276594;46.095;biomass;1.0
5696 offwind-ac;1.0;2.0;16.402484603584174;offshore wind;0.02581424730739553
5696 onwind;1.0;2.0;543.4754450041316;onshore wind;0.0
5696 solar;1.0;1.0;250.3340166797323;solar;0.0357283345776986
5699 CCGT;0.513;43.38128654970761;160.0;CCGT;1.0
5699 biomass;0.46999999999999986;14.893617021276594;62.947;biomass;1.0
5699 onwind;1.0;2.0;553.0240373459881;onshore wind;0.0
5699 ror;0.9;3.0;0.095;run of river;0.6608531105671127
5699 solar;1.0;1.0;625.1995710052872;solar;0.03405899186253361
5701 biomass;0.46999999999999986;14.893617021276597;2.1479999999999997;biomass;1.0
5701 onwind;1.0;2.0;0.9896335597224282;onshore wind;0.0
5701 solar;1.0;1.0;15.021151755770351;solar;0.032425036912475724
5703 OCGT;0.3806;57.31135049921178;81.8;OCGT;1.0
5703 biomass;0.47;14.893617021276597;1.194;biomass;1.0
5703 coal;0.33;28.196969696969695;553.1621739379046;coal;1.0
5703 onwind;1.0;2.0;0.8893202659064059;onshore wind;0.0
5703 solar;1.0;1.0;24.782791528194945;solar;0.03245369600348307
5704 biomass;0.4699999999999999;14.893617021276597;9.579;biomass;1.0
5704 coal;0.33;28.196969696969695;92.19369565631744;coal;1.0
5704 onwind;1.0;2.0;9.675;onshore wind;0.0
5704 solar;1.0;1.0;23.320949274798075;solar;0.033353752996595674
5706 CCGT;0.4059;53.719586104951965;144.0;CCGT;1.0
5706 biomass;0.4699999999999999;14.893617021276606;6.9657;biomass;1.0
5706 onwind;1.0;2.0;0.6598960808326764;onshore wind;0.0
5706 solar;1.0;1.0;31.74243272719214;solar;0.033131299620459694
5709 OCGT;0.354;61.27966101694916;150.0;OCGT;1.0
5709 biomass;0.47;14.893617021276597;0.14;biomass;1.0
5709 onwind;1.0;2.0;0.17867943163253933;onshore wind;0.0
5709 solar;1.0;1.0;25.67706074479375;solar;0.03607742848027894
5711 biomass;0.47;14.893617021276604;57.721;biomass;1.0
5711 onwind;1.0;2.0;431.3178887390206;onshore wind;0.0
5711 ror;0.9;3.0;0.16;run of river;0.6608531105671127
5711 solar;1.0;1.0;696.4977547090223;solar;0.035220224784506926
5769 offwind-ac;1.0;2.0;0.5588584601464326;offshore wind;0.0
5780 biomass;0.46999999999999975;14.89361702127659;34.668;biomass;1.0
5780 coal;0.33;28.196969696969695;732.9398804677236;coal;1.0
5780 offwind-ac;1.0;2.0;67.34206839326697;offshore wind;0.0
5780 onwind;1.0;2.0;768.5935716908431;onshore wind;0.0
5780 solar;1.0;1.0;131.50940467377615;solar;0.06324129622215577
5783 CCGT;0.3956;55.00889787664308;321.0;CCGT;1.0
5783 biomass;0.4699999999999999;14.893617021276595;36.006;biomass;1.0
5783 offwind-ac;1.0;2.0;0.3644050413663584;offshore wind;0.0
5783 onwind;1.0;2.0;639.0209821071219;onshore wind;0.0
5783 solar;1.0;1.0;116.13607924763167;solar;0.034627149383013735
5784 biomass;0.47000000000000014;14.893617021276608;16.258;biomass;1.0
5784 offwind-dc;1.0;2.0;4425.934949183017;offshore wind;0.14528483587076946
5784 onwind;1.0;2.0;220.24057209099868;onshore wind;0.0
5784 solar;1.0;1.0;93.6952914805662;solar;0.08743237890722004
5786 biomass;0.4699999999999993;14.893617021276615;77.041;biomass;1.0
5786 onwind;1.0;2.0;576.3082225687522;onshore wind;0.0
5786 solar;1.0;1.0;206.42091526550732;solar;0.05589943167466969
5787 biomass;0.4699999999999998;14.893617021276603;6.85;biomass;1.0
5787 offwind-ac;1.0;2.0;413.49526398728955;offshore wind;0.028359848305185047
5787 offwind-dc;1.0;2.0;1031.563658386294;offshore wind;0.056829531427227575
5787 onwind;1.0;2.0;121.79000555475761;onshore wind;0.0
5787 solar;1.0;1.0;35.9238667847007;solar;0.10398762120647291
5789 biomass;0.4699999999999993;14.893617021276615;74.769;biomass;1.0
5789 onwind;1.0;2.0;251.6278236144055;onshore wind;0.0
5789 solar;1.0;1.0;174.73283282207976;solar;0.09789638654708098
5792 OCGT;0.3727107203823831;58.42922419665948;58.58;OCGT;1.0
5792 biomass;0.46999999999999936;14.89361702127657;223.62820000000005;biomass;1.0
5792 offwind-ac;1.0;2.0;0.3561203954131537;offshore wind;0.0
5792 onwind;1.0;2.0;1865.762249947312;onshore wind;0.0
5792 solar;1.0;1.0;768.7863459927962;solar;0.09518584477939276
5796 biomass;0.4699999999999994;14.893617021276599;42.72684000000001;biomass;1.0
5796 onwind;1.0;2.0;338.0780116809345;onshore wind;0.0
5796 solar;1.0;1.0;243.72491056450943;solar;0.052486948882962084
5827 biomass;0.4699999999999991;14.893617021276551;130.79100000000003;biomass;1.0
5827 offwind-ac;1.0;2.0;0.4810268098259209;offshore wind;0.01726206172317907
5827 onwind;1.0;2.0;2363.3528339516215;onshore wind;0.030550708032313623
5827 solar;1.0;1.0;409.2139531401489;solar;0.1350951627847703
5830 CCGT;0.612;37.043137254901964;78.0;CCGT;1.0
5830 biomass;0.46999999999999936;14.89361702127661;71.1785;biomass;1.0
5830 coal;0.33;28.196969696969695;92.19369565631744;coal;1.0
5830 offwind-ac;1.0;2.0;2.694166379778464;offshore wind;0.05461053600426577
5830 onwind;1.0;2.0;351.90089970092305;onshore wind;0.04116733686762716
5830 solar;1.0;1.0;341.2026474022908;solar;0.05765041928049635
5833 OCGT;0.3981999999999999;54.99602864786652;209.5;OCGT;1.0
5833 biomass;0.46999999999999936;14.893617021276594;141.80600000000004;biomass;1.0
5833 offwind-ac;1.0;2.0;112.52897508619301;offshore wind;0.07281862541140309
5833 onwind;1.0;2.0;529.703004531081;onshore wind;0.04258591987225141
5833 solar;1.0;1.0;369.13052055476004;solar;0.025584674264082195
5853 biomass;0.4699999999999995;14.893617021276595;40.83200000000001;biomass;1.0
5853 onwind;1.0;2.0;462.61296149955797;onshore wind;0.0
5853 solar;1.0;1.0;132.88471306008555;solar;0.03216945244442292
5856 biomass;0.46999999999999986;14.893617021276594;54.949300000000015;biomass;1.0
5856 offwind-ac;1.0;2.0;8.852480926547267;offshore wind;0.0
5856 onwind;1.0;2.0;2011.1605435875815;onshore wind;0.0
5856 solar;1.0;1.0;385.17489901655483;solar;0.04549153002482839
5858 biomass;0.47;14.893617021276597;0.23049999999999998;biomass;1.0
5858 onwind;1.0;2.0;114.05490019873216;onshore wind;0.0
5858 solar;1.0;1.0;16.867838222576612;solar;0.025940345424356265
5861 biomass;0.46999999999999986;14.893617021276594;19.491999999999997;biomass;1.0
5861 onwind;1.0;2.0;285.704089965943;onshore wind;0.0
5861 solar;1.0;1.0;90.46995575619819;solar;0.02604670184215901
5863 CCGT;0.6075;37.28641975308642;157.0;CCGT;1.0
5863 OCGT;0.4112;53.38132295719845;30.72;OCGT;1.0
5863 biomass;0.47000000000000014;14.893617021276604;13.678999999999998;biomass;1.0
5863 onwind;1.0;2.0;209.38204661642337;onshore wind;0.0
5863 solar;1.0;1.0;63.31986612889742;solar;0.032230964988783
5864 biomass;0.4700000000000001;14.893617021276608;12.393499999999998;biomass;1.0
5864 coal;0.33;28.196969696969695;267.36171740332054;coal;1.0
5864 onwind;1.0;2.0;22.620608399824633;onshore wind;0.0
5864 solar;1.0;1.0;57.40510853596595;solar;0.03282264876578726
5865 biomass;0.4699999999999992;14.893617021276599;90.52585;biomass;1.0
5865 onwind;1.0;2.0;289.00285848070774;onshore wind;0.0
5865 solar;1.0;1.0;90.24561697246034;solar;0.06410691087410064
5867 biomass;0.4699999999999994;14.893617021276604;49.34900000000001;biomass;1.0
5867 onwind;1.0;2.0;194.80783871436097;onshore wind;0.0
5867 solar;1.0;1.0;103.86849531575629;solar;0.036839719324580265
5870 biomass;0.46999999999999986;14.893617021276595;18.448;biomass;1.0
5870 onwind;1.0;2.0;250.12510746516097;onshore wind;0.0
5870 solar;1.0;1.0;95.04883943410576;solar;0.13670683807120632
5871 biomass;0.46999999999999925;14.893617021276619;54.4035;biomass;1.0
5871 onwind;1.0;2.0;380.7027640110677;onshore wind;0.0
5871 solar;1.0;1.0;154.1013094143434;solar;0.10360434445171124
5873 biomass;0.46999999999999925;14.89361702127661;93.87550000000002;biomass;1.0
5873 onwind;1.0;2.0;390.4084939879173;onshore wind;0.0
5873 solar;1.0;1.0;140.94689975369812;solar;0.2071539340381883
5875 biomass;0.4699999999999998;14.893617021276592;47.465999999999994;biomass;1.0
5875 onwind;1.0;2.0;349.78179746991043;onshore wind;0.0
5875 ror;0.9;3.0;0.09;run of river;0.6608531105671128
5875 solar;1.0;1.0;146.29113814419776;solar;0.5638828714994893
5878 biomass;0.46999999999999986;14.893617021276594;105.13499999999999;biomass;1.0
5878 offwind-ac;1.0;2.0;91.97551810747481;offshore wind;0.07035134048428228
5878 onwind;1.0;2.0;951.1917182515995;onshore wind;0.0368342957160564
5878 solar;1.0;1.0;332.543484001074;solar;0.1586692895823812
5879 CCGT;0.5805;38.82532299741602;127.0;CCGT;1.0
5879 biomass;0.4699999999999998;14.893617021276603;23.5754;biomass;1.0
5879 coal;0.33;28.196969696969695;188.99707609545072;coal;1.0
5879 onwind;1.0;2.0;1.2895058467685048;onshore wind;0.0
5879 ror;0.9;3.0;0.11;run of river;0.6608531105671128
5879 solar;1.0;1.0;24.15212657224123;solar;0.04450666104865132
5880 biomass;0.4699999999999995;14.893617021276597;50.195499999999996;biomass;1.0
5880 onwind;1.0;2.0;244.34153297067004;onshore wind;0.0
5880 solar;1.0;1.0;87.34605398220604;solar;0.18065287167254926
5882 biomass;0.47;14.893617021276599;18.9945;biomass;1.0
5882 onwind;1.0;2.0;107.1995669483343;onshore wind;0.0
5882 solar;1.0;1.0;63.8033970491612;solar;0.25459477717700096
5883 biomass;0.47000000000000014;14.893617021276608;14.664999999999997;biomass;1.0
5883 onwind;1.0;2.0;94.36014951003598;onshore wind;0.0
5883 solar;1.0;1.0;81.3563879155193;solar;0.4128183256404534
5886 biomass;0.4699999999999996;14.893617021276583;42.56600000000001;biomass;1.0
5886 onwind;1.0;2.0;205.80002478434838;onshore wind;0.0
5886 solar;1.0;1.0;95.45928769364164;solar;0.4404820002681853
5887 biomass;0.46999999999999925;14.893617021276624;77.043;biomass;1.0
5887 onwind;1.0;2.0;448.79470485614206;onshore wind;0.0
5887 solar;1.0;1.0;124.38830920822221;solar;0.367044404445146
7023 CCGT;0.5809390243902439;38.799156118143465;1210.0;CCGT;1.0
7023 biomass;0.4699999999999998;14.893617021276603;9.121999999999998;biomass;1.0
7023 lignite;0.34419999999999995;12.67747498392351;260.1785078301835;lignite;1.0
7023 onwind;1.0;2.0;58.662455673118394;onshore wind;0.11342157120348086
7023 solar;1.0;1.0;61.51808012306345;solar;0.26733860146399613
7074 biomass;0.4699999999999998;14.893617021276604;8.661;biomass;1.0
7074 offwind-ac;1.0;2.0;158.34909356611124;offshore wind;0.002801172218204964
7074 offwind-dc;1.0;2.0;510.45782333071264;offshore wind;0.05829040955360462
7074 onwind;1.0;2.0;210.90444989847055;onshore wind;0.0
7074 solar;1.0;1.0;32.76357795619809;solar;0.021766635343491172
7208 biomass;0.4699999999999998;14.893617021276604;4.0280000000000005;biomass;1.0
7208 onwind;1.0;2.0;2.384156965274685;onshore wind;0.15912694832867505
7208 ror;0.9;3.0;0.343;run of river;0.6608531105671127
7208 solar;1.0;1.0;79.00841698334732;solar;0.4057027100139357
7317 biomass;0.46999999999999986;14.893617021276597;0.917;biomass;1.0
7317 onwind;1.0;2.0;2.6058247961832555;onshore wind;0.06370053571813247
7317 ror;0.9;3.0;1.033;run of river;0.6608531105671127
7317 solar;1.0;1.0;20.752435023681155;solar;0.3512063155204218
7328 biomass;0.4699999999999998;14.893617021276603;4.689;biomass;1.0
7328 onwind;1.0;2.0;62.12616931609355;onshore wind;0.10229058827473185
7328 ror;0.9;3.0;0.88;run of river;0.6608531105671129
7328 solar;1.0;1.0;100.90912196014983;solar;0.488745623062343
7330 biomass;0.4700000000000002;14.893617021276608;15.107999999999999;biomass;1.0
7330 onwind;1.0;2.0;163.07927435987432;onshore wind;0.0
7330 solar;1.0;1.0;71.50373351487356;solar;0.07940631982876324
7373 CCGT;0.54;41.422222222222224;106.0;CCGT;1.0
7373 OCGT;0.38115;57.23525345238294;79.0;OCGT;1.0
7373 biomass;0.46999999999999986;14.893617021276594;51.1312;biomass;1.0
7373 onwind;1.0;2.0;569.6132608206614;onshore wind;0.0
7373 solar;1.0;1.0;728.9249306978714;solar;0.05948886557669628
7420 biomass;0.4699999999999999;14.893617021276606;5.6277;biomass;1.0
7420 onwind;1.0;2.0;5.190692241339811;onshore wind;0.17901364318406693
7420 solar;1.0;1.0;97.342289642141;solar;0.3354551199836147
7459 OCGT;0.3982;54.97714716223004;96.5;OCGT;1.0
7459 biomass;0.4699999999999999;14.893617021276597;7.2646;biomass;1.0
7459 onwind;1.0;2.0;5.07033295700475;onshore wind;0.11494470032757256
7459 solar;1.0;1.0;29.023873719376283;solar;0.581340020195949
7468 biomass;0.4699999999999996;14.893617021276583;19.1809;biomass;1.0
7468 onwind;1.0;2.0;92.94595903318088;onshore wind;0.49010329880805065
7468 ror;0.9000000000000001;3.0;0.6910000000000001;run of river;0.6608531105671127
7468 solar;1.0;1.0;143.8124921031765;solar;0.05794392176649317
7756 OCGT;0.3872;56.4111570247934;73.1;OCGT;1.0
7756 biomass;0.46999999999999903;14.893617021276526;113.31586;biomass;1.0
7756 onwind;1.0;2.0;69.97897232655598;onshore wind;0.05797635834207514
7756 ror;0.9;3.0;163.30809999999997;run of river;0.6608531105671129
7756 solar;1.0;1.0;724.1166290356119;solar;0.13871773950947075
7812 biomass;0.4699999999999995;14.893617021276592;36.32860000000001;biomass;1.0
7812 onwind;1.0;2.0;210.0734784932926;onshore wind;0.0
7812 ror;0.9;3.0;0.24;run of river;0.6608531105671128
7812 solar;1.0;1.0;200.99209670546296;solar;0.4801459680455349
7897 biomass;0.47;14.893617021276604;24.819500000000005;biomass;1.0
7897 coal;0.3729;25.355725395548404;13.829054348447617;coal;1.0
7897 onwind;1.0;2.0;490.87193721050784;onshore wind;0.27585892427275327
7897 ror;0.9;3.0;0.045;run of river;0.6608531105671128
7897 solar;1.0;1.0;414.33412036301627;solar;0.5107102562466972
7900 biomass;0.46999999999999925;14.893617021276624;76.3051;biomass;1.0
7900 onwind;1.0;2.0;48.87682527183853;onshore wind;0.14568145760616819
7900 ror;0.9000000000000001;3.0;22.021;run of river;0.6608531105671128
7900 solar;1.0;1.0;397.66448896933576;solar;0.1333993559480694
7902 CCGT;0.522;42.70574712643678;182.0;CCGT;1.0
7902 biomass;0.4700000000000001;14.893617021276603;26.352999999999998;biomass;1.0
7902 onwind;1.0;2.0;168.9152548706907;onshore wind;0.01924125591542106
7902 ror;0.9;3.0;2.2;run of river;0.6608531105671129
7902 solar;1.0;1.0;152.36030759529626;solar;0.0728602680481904
7903 CCGT;0.3925065573770491;55.4093355441488;1948.0;CCGT;1.0
7903 biomass;0.4699999999999998;14.893617021276603;24.991999999999997;biomass;1.0
7903 coal;0.33;28.196969696969695;719.110826119276;coal;1.0
7903 onwind;1.0;2.0;33.366171582711125;onshore wind;0.0
7903 solar;1.0;1.0;89.07414278589701;solar;0.250025290230569
7914 biomass;0.46999999999999986;14.893617021276595;23.179400000000008;biomass;1.0
7914 onwind;1.0;2.0;10.252201973701256;onshore wind;0.11613319128195544
7914 ror;0.9;3.0;12.984;run of river;0.6608531105671128
7914 solar;1.0;1.0;152.91365882811365;solar;0.10041271686577574
7949 biomass;0.4699999999999994;14.893617021276604;41.41469999999999;biomass;1.0
7949 onwind;1.0;2.0;19.350083819495726;onshore wind;0.4478767008763089
7949 ror;0.9;3.0;0.325;run of river;0.6608531105671127
7949 solar;1.0;1.0;179.946864653383;solar;0.0751689454606555
8038 biomass;0.4699999999999998;14.893617021276604;14.39;biomass;1.0
8038 onwind;1.0;2.0;135.50247985876837;onshore wind;0.0
8038 solar;1.0;1.0;70.92097355684439;solar;0.034279893686008076
8039 biomass;0.4699999999999998;14.893617021276592;30.108999999999998;biomass;1.0
8039 oil;0.3824734632683658;136.7280237764288;359.0;oil;1.0
8039 onwind;1.0;2.0;1071.810988135196;onshore wind;0.0
8039 solar;1.0;1.0;386.55659301543574;solar;0.03777016514252052
8040 biomass;0.47;14.893617021276597;27.144000000000002;biomass;1.0
8040 onwind;1.0;2.0;258.47812725845654;onshore wind;0.0
8040 solar;1.0;1.0;136.4094860897979;solar;0.030318770008766288
8042 biomass;0.46999999999999975;14.89361702127659;41.85100000000001;biomass;1.0
8042 offwind-ac;1.0;2.0;4.928174971312219;offshore wind;0.04375624147547567
8042 onwind;1.0;2.0;421.3661654915801;onshore wind;0.013506078420973662
8042 solar;1.0;1.0;177.98097333622562;solar;0.11746943304693186
8099 CCGT;0.61875;36.69559082892417;240.5;CCGT;1.0
8099 OCGT;0.3784;57.618393234672304;17.8;OCGT;1.0
8099 biomass;0.4700000000000002;14.893617021276608;17.951000000000004;biomass;1.0
8099 lignite;0.4336;10.188191881918819;20.3;lignite;1.0
8099 onwind;1.0;2.0;496.48800908229373;onshore wind;0.0
8099 ror;0.9;3.0;3.12;run of river;0.6608531105671127
8099 solar;1.0;1.0;234.09803713807045;solar;0.07559397342069238
8101 OCGT;0.3718000000000001;58.56132329209252;48.31;OCGT;1.0
8101 biomass;0.4699999999999999;14.893617021276597;1.83;biomass;1.0
8101 lignite;0.3736;11.262312633832977;35.04131531627193;lignite;1.0
8101 onwind;1.0;2.0;54.695200367355454;onshore wind;0.0
8101 solar;1.0;1.0;37.14132675737295;solar;0.5766279958684482
8121 biomass;0.47000000000000014;14.893617021276608;12.355000000000002;biomass;1.0
8121 onwind;1.0;2.0;88.66920160176754;onshore wind;0.022599813950012065
8121 ror;0.9;3.0;0.6;run of river;0.6608531105671129
8121 solar;1.0;1.0;110.50452298635207;solar;0.26664210414827294
8225 CCGT;0.5175;43.04057971014494;260.0;CCGT;1.0
8225 OCGT;0.4048;54.15415019762846;11.5;OCGT;1.0
8225 biomass;0.4700000000000002;14.893617021276608;20.131999999999994;biomass;1.0
8225 onwind;1.0;2.0;31.18121868973141;onshore wind;0.0
8225 ror;0.9;3.0;0.11;run of river;0.6608531105671128
8225 solar;1.0;1.0;97.31150620864153;solar;0.07981572140819626
8312 biomass;0.47;14.893617021276597;1.355;biomass;1.0
8312 onwind;1.0;2.0;88.12699779299352;onshore wind;0.5042472146208148
8312 solar;1.0;1.0;50.82561474215866;solar;0.5143908014286799
8351 OCGT;0.38499999999999995;56.75255691616529;55.300000000000004;OCGT;1.0
8351 biomass;0.4699999999999994;14.893617021276603;41.711;biomass;1.0
8351 onwind;1.0;2.0;562.8209009750274;onshore wind;0.03820620681006178
8351 ror;0.9000000000000001;3.0;2.374;run of river;0.6608531105671127
8351 solar;1.0;1.0;563.5881894711623;solar;0.33286805037230427
8414 biomass;0.47000000000000003;14.893617021276606;10.975499999999998;biomass;1.0
8414 onwind;1.0;2.0;169.75745761913177;onshore wind;0.06087948385234548
8414 solar;1.0;1.0;104.37149985489452;solar;0.6244216826722087
8593 biomass;0.46999999999999986;14.893617021276595;16.284999999999997;biomass;1.0
8593 onwind;1.0;2.0;45.107621717097786;onshore wind;0.17190469902092964
8593 ror;0.9000000000000002;3.0;2.439;run of river;0.6608531105671128
8593 solar;1.0;1.0;224.23533242389811;solar;0.09287355073179046
8596 OCGT;0.3861;56.559052059052064;13.5;OCGT;1.0
8596 biomass;0.47000000000000014;14.893617021276608;11.076999999999998;biomass;1.0
8596 onwind;1.0;2.0;18.89285051802164;onshore wind;0.11847914051128162
8596 ror;0.9;3.0;0.3;run of river;0.6608531105671128
8596 solar;1.0;1.0;83.43778260623138;solar;0.32117376509933043
8599 CCGT;0.49050000000000005;47.266489753796264;147.0;CCGT;1.0
8599 OCGT;0.3839000000000001;56.85738473560823;11.4;OCGT;1.0
8599 biomass;0.4700000000000002;14.893617021276608;33.115;biomass;1.0
8599 oil;0.3751;139.29778725673154;0.5;oil;1.0
8599 onwind;1.0;2.0;38.29823609004894;onshore wind;0.09610880026478802
8599 ror;0.9;3.0;0.193;run of river;0.6608531105671129
8599 solar;1.0;1.0;144.42162241563037;solar;0.370533943712836
8610 CCGT;0.5805;38.92757955641273;640.8;CCGT;1.0
8610 biomass;0.46999999999999975;14.89361702127659;19.6407;biomass;1.0
8610 onwind;1.0;2.0;223.95624582997647;onshore wind;0.0
8610 solar;1.0;1.0;101.93554667789675;solar;0.03414412738233463
8685 biomass;0.4699999999999998;14.893617021276604;5.7785;biomass;1.0
8685 onwind;1.0;2.0;210.3454842929118;onshore wind;0.1072718408814098
8685 ror;0.9;3.0;5.075000000000001;run of river;0.6608531105671128
8685 solar;1.0;1.0;231.38856078810394;solar;0.249485128262889
8737 biomass;0.47000000000000014;14.893617021276608;14.972999999999999;biomass;1.0
8737 onwind;1.0;2.0;298.4117189601838;onshore wind;0.0
8737 solar;1.0;1.0;92.10078845861308;solar;0.043842817663462645
8806 CCGT;0.5085;43.728023598820066;13.11;CCGT;1.0
8806 OCGT;0.3993;54.838091660405716;13.4;OCGT;1.0
8806 biomass;0.47;14.893617021276599;30.952999999999996;biomass;1.0
8806 onwind;1.0;2.0;242.3821712990872;onshore wind;0.0
8806 ror;0.9000000000000001;3.0;4.672000000000001;run of river;0.6608531105671127
8806 solar;1.0;1.0;215.9163567669624;solar;0.07789452135937897
8834 CCGT;0.5265;42.37663817663818;48.0;CCGT;1.0
8834 biomass;0.4699999999999996;14.893617021276583;63.940900000000006;biomass;1.0
8834 lignite;0.33;12.287878787878787;45.18485396045591;lignite;1.0
8834 onwind;1.0;2.0;380.8296210086154;onshore wind;0.0
8834 solar;1.0;1.0;305.1749196719838;solar;0.033382337540188864
8842 biomass;0.47;14.893617021276606;14.200999999999999;biomass;1.0
8842 onwind;1.0;2.0;264.4147790010258;onshore wind;0.11202897310434624
8842 solar;1.0;1.0;109.08488127836037;solar;0.3116104595507237
8848 biomass;0.4699999999999999;14.893617021276597;23.666915000000003;biomass;1.0
8848 coal;0.33;28.196969696969695;118.92986739664948;coal;1.0
8848 onwind;1.0;2.0;206.7698729033795;onshore wind;0.0
8848 ror;0.9;3.0;9.9;run of river;0.6608531105671128
8848 solar;1.0;1.0;92.44007348413912;solar;0.03802701031130783
3391 PHS;0.8660254037844386;4.0;92.0;pumped hydro;1.0
3573 PHS;0.8660254037844386;4.0;109.0;pumped hydro;1.0
3598 PHS;0.8660254037844386;4.0;1306.8;pumped hydro;1.0
3600 PHS;0.8660254037844386;4.0;100.0;pumped hydro;1.0
3602 PHS;0.8660254037844386;4.0;370.0;pumped hydro;1.0
3752 PHS;0.8660254037844386;4.0;90.0;pumped hydro;1.0
3804 hydro;0.9;4.0;124.0;hydro reservoir;1.0
3806 hydro;0.9;4.0;45.5;hydro reservoir;1.0
4573 PHS;0.8660254037844386;4.0;960.0;pumped hydro;1.0
4577 PHS;0.8660254037844386;4.0;39.8;pumped hydro;1.0
4584 PHS;0.8660254037844386;4.0;399.8;pumped hydro;1.0
4589 PHS;0.8660254037844386;4.0;160.0;pumped hydro;1.0
4590 PHS;0.8660254037844386;4.0;167.1;pumped hydro;1.0
4763 PHS;0.8660254037844386;4.0;162.0;pumped hydro;1.0
4773 PHS;0.8660254037844386;4.0;278.0;pumped hydro;1.0
4793 PHS;0.8660254037844386;4.0;1294.0;pumped hydro;1.0
4886 PHS;0.8660254037844386;4.0;220.0;pumped hydro;1.0
4900 PHS;0.8660254037844386;4.0;79.7;pumped hydro;1.0
4944 PHS;0.8660254037844386;4.0;1060.0;pumped hydro;1.0
5883 PHS;0.8660254037844386;4.0;120.0;pumped hydro;1.0
8121 PHS;0.8660254037844386;4.0;7.42;pumped hydro;1.0
8414 PHS;0.8660254037844386;4.0;480.0;pumped hydro;1.0
8685 PHS;0.8660254037844386;4.0;164.0;pumped hydro;1.0
